<annotation>
	<folder>hello</folder>
	<filename>hello.7928a85f-0cf3-11ed-8895-28cdc4d52ac6.jpg</filename>
	<path>D:\RealTimeObjectDetection\Tensorflow\workspace\images\collectedimages\hello\hello.7928a85f-0cf3-11ed-8895-28cdc4d52ac6.jpg</path>
	<source>
		<database>Unknown</database>
	</source>
	<size>
		<width>640</width>
		<height>480</height>
		<depth>3</depth>
	</size>
	<segmented>0</segmented>
	<object>
		<name>Hello</name>
		<pose>Unspecified</pose>
		<truncated>0</truncated>
		<difficult>0</difficult>
		<bndbox>
			<xmin>113</xmin>
			<ymin>232</ymin>
			<xmax>281</xmax>
			<ymax>479</ymax>
		</bndbox>
	</object>
</annotation>
