<annotation>
	<folder>iloveyou</folder>
	<filename>iloveyou.d463c692-0cf3-11ed-9bb3-28cdc4d52ac6.jpg</filename>
	<path>D:\RealTimeObjectDetection\Tensorflow\workspace\images\collectedimages\iloveyou\iloveyou.d463c692-0cf3-11ed-9bb3-28cdc4d52ac6.jpg</path>
	<source>
		<database>Unknown</database>
	</source>
	<size>
		<width>640</width>
		<height>480</height>
		<depth>3</depth>
	</size>
	<segmented>0</segmented>
	<object>
		<name>I Love You</name>
		<pose>Unspecified</pose>
		<truncated>0</truncated>
		<difficult>0</difficult>
		<bndbox>
			<xmin>215</xmin>
			<ymin>247</ymin>
			<xmax>413</xmax>
			<ymax>452</ymax>
		</bndbox>
	</object>
</annotation>
