<annotation>
	<folder>iloveyou</folder>
	<filename>iloveyou.d0bb69b0-0cf3-11ed-8ca6-28cdc4d52ac6.jpg</filename>
	<path>D:\RealTimeObjectDetection\Tensorflow\workspace\images\collectedimages\iloveyou\iloveyou.d0bb69b0-0cf3-11ed-8ca6-28cdc4d52ac6.jpg</path>
	<source>
		<database>Unknown</database>
	</source>
	<size>
		<width>640</width>
		<height>480</height>
		<depth>3</depth>
	</size>
	<segmented>0</segmented>
	<object>
		<name>I Love You</name>
		<pose>Unspecified</pose>
		<truncated>1</truncated>
		<difficult>0</difficult>
		<bndbox>
			<xmin>103</xmin>
			<ymin>254</ymin>
			<xmax>307</xmax>
			<ymax>480</ymax>
		</bndbox>
	</object>
</annotation>
