<annotation>
	<folder>yes</folder>
	<filename>yes.a762fd0d-0cf3-11ed-8aa3-28cdc4d52ac6.jpg</filename>
	<path>D:\RealTimeObjectDetection\Tensorflow\workspace\images\collectedimages\yes\yes.a762fd0d-0cf3-11ed-8aa3-28cdc4d52ac6.jpg</path>
	<source>
		<database>Unknown</database>
	</source>
	<size>
		<width>640</width>
		<height>480</height>
		<depth>3</depth>
	</size>
	<segmented>0</segmented>
	<object>
		<name>Yes</name>
		<pose>Unspecified</pose>
		<truncated>0</truncated>
		<difficult>0</difficult>
		<bndbox>
			<xmin>129</xmin>
			<ymin>250</ymin>
			<xmax>266</xmax>
			<ymax>373</ymax>
		</bndbox>
	</object>
</annotation>
