<annotation>
	<folder>yes</folder>
	<filename>yes.a3be4359-0cf3-11ed-8562-28cdc4d52ac6.jpg</filename>
	<path>D:\RealTimeObjectDetection\Tensorflow\workspace\images\collectedimages\yes\yes.a3be4359-0cf3-11ed-8562-28cdc4d52ac6.jpg</path>
	<source>
		<database>Unknown</database>
	</source>
	<size>
		<width>640</width>
		<height>480</height>
		<depth>3</depth>
	</size>
	<segmented>0</segmented>
	<object>
		<name>Yes</name>
		<pose>Unspecified</pose>
		<truncated>1</truncated>
		<difficult>0</difficult>
		<bndbox>
			<xmin>402</xmin>
			<ymin>427</ymin>
			<xmax>535</xmax>
			<ymax>480</ymax>
		</bndbox>
	</object>
</annotation>
