<annotation>
	<folder>yes</folder>
	<filename>yes.a01b58ca-0cf3-11ed-b858-28cdc4d52ac6.jpg</filename>
	<path>D:\RealTimeObjectDetection\Tensorflow\workspace\images\collectedimages\yes\yes.a01b58ca-0cf3-11ed-b858-28cdc4d52ac6.jpg</path>
	<source>
		<database>Unknown</database>
	</source>
	<size>
		<width>640</width>
		<height>480</height>
		<depth>3</depth>
	</size>
	<segmented>0</segmented>
	<object>
		<name>Yes</name>
		<pose>Unspecified</pose>
		<truncated>0</truncated>
		<difficult>0</difficult>
		<bndbox>
			<xmin>84</xmin>
			<ymin>341</ymin>
			<xmax>236</xmax>
			<ymax>464</ymax>
		</bndbox>
	</object>
</annotation>
