<annotation>
	<folder>yes</folder>
	<filename>yes.9ede0e92-0cf3-11ed-9f87-28cdc4d52ac6.jpg</filename>
	<path>D:\RealTimeObjectDetection\Tensorflow\workspace\images\collectedimages\yes\yes.9ede0e92-0cf3-11ed-9f87-28cdc4d52ac6.jpg</path>
	<source>
		<database>Unknown</database>
	</source>
	<size>
		<width>640</width>
		<height>480</height>
		<depth>3</depth>
	</size>
	<segmented>0</segmented>
	<object>
		<name>Yes</name>
		<pose>Unspecified</pose>
		<truncated>0</truncated>
		<difficult>0</difficult>
		<bndbox>
			<xmin>105</xmin>
			<ymin>368</ymin>
			<xmax>246</xmax>
			<ymax>478</ymax>
		</bndbox>
	</object>
</annotation>
