<annotation>
	<folder>hello</folder>
	<filename>hello.77f2adc7-0cf3-11ed-b30c-28cdc4d52ac6.jpg</filename>
	<path>D:\RealTimeObjectDetection\Tensorflow\workspace\images\collectedimages\hello\hello.77f2adc7-0cf3-11ed-b30c-28cdc4d52ac6.jpg</path>
	<source>
		<database>Unknown</database>
	</source>
	<size>
		<width>640</width>
		<height>480</height>
		<depth>3</depth>
	</size>
	<segmented>0</segmented>
	<object>
		<name>Hello</name>
		<pose>Unspecified</pose>
		<truncated>1</truncated>
		<difficult>0</difficult>
		<bndbox>
			<xmin>133</xmin>
			<ymin>237</ymin>
			<xmax>301</xmax>
			<ymax>480</ymax>
		</bndbox>
	</object>
</annotation>
