<annotation>
	<folder>hello</folder>
	<filename>hello.7b979a36-0cf3-11ed-8f73-28cdc4d52ac6.jpg</filename>
	<path>D:\RealTimeObjectDetection\Tensorflow\workspace\images\collectedimages\hello\hello.7b979a36-0cf3-11ed-8f73-28cdc4d52ac6.jpg</path>
	<source>
		<database>Unknown</database>
	</source>
	<size>
		<width>640</width>
		<height>480</height>
		<depth>3</depth>
	</size>
	<segmented>0</segmented>
	<object>
		<name>Hello</name>
		<pose>Unspecified</pose>
		<truncated>0</truncated>
		<difficult>0</difficult>
		<bndbox>
			<xmin>367</xmin>
			<ymin>161</ymin>
			<xmax>556</xmax>
			<ymax>396</ymax>
		</bndbox>
	</object>
</annotation>
