<annotation>
	<folder>iloveyou</folder>
	<filename>iloveyou.d9449a88-0cf3-11ed-a690-28cdc4d52ac6.jpg</filename>
	<path>D:\RealTimeObjectDetection\Tensorflow\workspace\images\collectedimages\iloveyou\iloveyou.d9449a88-0cf3-11ed-a690-28cdc4d52ac6.jpg</path>
	<source>
		<database>Unknown</database>
	</source>
	<size>
		<width>640</width>
		<height>480</height>
		<depth>3</depth>
	</size>
	<segmented>0</segmented>
	<object>
		<name>I Love You</name>
		<pose>Unspecified</pose>
		<truncated>0</truncated>
		<difficult>0</difficult>
		<bndbox>
			<xmin>379</xmin>
			<ymin>247</ymin>
			<xmax>591</xmax>
			<ymax>432</ymax>
		</bndbox>
	</object>
</annotation>
