<annotation>
	<folder>no</folder>
	<filename>no.b91263da-0cf3-11ed-bff3-28cdc4d52ac6.jpg</filename>
	<path>D:\RealTimeObjectDetection\Tensorflow\workspace\images\collectedimages\no\no.b91263da-0cf3-11ed-bff3-28cdc4d52ac6.jpg</path>
	<source>
		<database>Unknown</database>
	</source>
	<size>
		<width>640</width>
		<height>480</height>
		<depth>3</depth>
	</size>
	<segmented>0</segmented>
	<object>
		<name>No</name>
		<pose>Unspecified</pose>
		<truncated>0</truncated>
		<difficult>0</difficult>
		<bndbox>
			<xmin>91</xmin>
			<ymin>352</ymin>
			<xmax>278</xmax>
			<ymax>468</ymax>
		</bndbox>
	</object>
</annotation>
