<annotation>
	<folder>thanks</folder>
	<filename>thanks.90e7a5ad-0cf3-11ed-b983-28cdc4d52ac6.jpg</filename>
	<path>D:\RealTimeObjectDetection\Tensorflow\workspace\images\collectedimages\thanks\thanks.90e7a5ad-0cf3-11ed-b983-28cdc4d52ac6.jpg</path>
	<source>
		<database>Unknown</database>
	</source>
	<size>
		<width>640</width>
		<height>480</height>
		<depth>3</depth>
	</size>
	<segmented>0</segmented>
	<object>
		<name>Thank You</name>
		<pose>Unspecified</pose>
		<truncated>0</truncated>
		<difficult>0</difficult>
		<bndbox>
			<xmin>211</xmin>
			<ymin>326</ymin>
			<xmax>428</xmax>
			<ymax>454</ymax>
		</bndbox>
	</object>
</annotation>
