<annotation>
	<folder>thanks</folder>
	<filename>thanks.921e161c-0cf3-11ed-9896-28cdc4d52ac6.jpg</filename>
	<path>D:\RealTimeObjectDetection\Tensorflow\workspace\images\collectedimages\thanks\thanks.921e161c-0cf3-11ed-9896-28cdc4d52ac6.jpg</path>
	<source>
		<database>Unknown</database>
	</source>
	<size>
		<width>640</width>
		<height>480</height>
		<depth>3</depth>
	</size>
	<segmented>0</segmented>
	<object>
		<name>Thank You</name>
		<pose>Unspecified</pose>
		<truncated>1</truncated>
		<difficult>0</difficult>
		<bndbox>
			<xmin>188</xmin>
			<ymin>343</ymin>
			<xmax>428</xmax>
			<ymax>480</ymax>
		</bndbox>
	</object>
</annotation>
