<annotation>
	<folder>thanks</folder>
	<filename>thanks.8fb15c70-0cf3-11ed-a9fb-28cdc4d52ac6.jpg</filename>
	<path>D:\RealTimeObjectDetection\Tensorflow\workspace\images\collectedimages\thanks\thanks.8fb15c70-0cf3-11ed-a9fb-28cdc4d52ac6.jpg</path>
	<source>
		<database>Unknown</database>
	</source>
	<size>
		<width>640</width>
		<height>480</height>
		<depth>3</depth>
	</size>
	<segmented>0</segmented>
	<object>
		<name>Thank You</name>
		<pose>Unspecified</pose>
		<truncated>0</truncated>
		<difficult>0</difficult>
		<bndbox>
			<xmin>207</xmin>
			<ymin>341</ymin>
			<xmax>441</xmax>
			<ymax>478</ymax>
		</bndbox>
	</object>
</annotation>
